{
	"PERCENTAGE_SWITCH": 0.4,
    "SMALL_PERCENTAGE": 0.9,
	"BIG_PERCENTAGE": 0.95,
	"MEDIUM_HALITE": 500,
	"INITIAL_HALITE_STOP": 50,
	"SPAWN_TURN": 0.55,
	"A": 0,
	"B": 0.8,
	"C": 0,
	"D": 0.01,
	"E": 0.98,
	"F": 1.05,
	"CRASH_SELECTION_TURN": 0.9,
	"DETERMINE_CLUSTER_TURN": 0.15,
	"CLUSTER_TOO_CLOSE": 0.2,
	"MAX_CLUSTERS": 5,
	"FLEET_SIZE": 8,
	"CLOSE_TO_SHIPYARD": 0.18,
	"ENEMY_SHIPYARD_CLOSE": 0.15,
	"SHIP_SCAN_AREA": 16,
	"EXTRA_FLEET_MAP_SIZE": 32,
	"BUSY_PERCENTAGE": 0.09,
	"BUSY_RETURN_AMOUNT": 0.6,
	"UNSAFE_AREA": 4,
	"MAX_SHIP_DROPOFF_RATIO": 40
}